{"stats":{"minecraft:dropped":{"minecraft:command_block":1,"minecraft:grass_block":2,"minecraft:item_frame":1,"minecraft:gray_concrete":1,"minecraft:jungle_door":1,"minecraft:oak_stairs":1,"minecraft:diamond_block":1,"minecraft:dark_oak_sign":1,"minecraft:smooth_stone_slab":1,"minecraft:slime_block":1,"minecraft:structure_block":1,"minecraft:filled_map":65,"minecraft:quartz_stairs":1,"minecraft:gray_concrete_powder":1,"minecraft:iron_bars":1,"minecraft:oak_leaves":1},"minecraft:custom":{"minecraft:open_shulker_box":1,"minecraft:leave_game":133,"minecraft:time_since_death":4817526,"minecraft:climb_one_cm":185,"minecraft:sprint_one_cm":1163597,"minecraft:walk_one_cm":12158378,"minecraft:drop":18,"minecraft:play_time":4817526,"minecraft:sneak_time":145009,"minecraft:walk_under_water_one_cm":36952,"minecraft:jump":3711,"minecraft:walk_on_water_one_cm":32671,"minecraft:total_world_time":4893043,"minecraft:interact_with_cartography_table":64,"minecraft:time_since_rest":3598005,"minecraft:damage_dealt":50,"minecraft:interact_with_beacon":4,"minecraft:fly_one_cm":53261862,"minecraft:open_chest":34,"minecraft:crouch_one_cm":2874519},"minecraft:used":{"minecraft:azalea":23,"minecraft:oak_fence":19,"minecraft:oak_trapdoor":259,"minecraft:nether_brick_fence":84,"minecraft:moss_carpet":58,"minecraft:jungle_leaves":76,"minecraft:iron_bars":1996,"minecraft:smooth_quartz_slab":2,"minecraft:spruce_slab":20,"minecraft:redstone":77,"minecraft:ladder":49,"minecraft:oak_sign":35,"minecraft:light_gray_carpet":17,"minecraft:black_carpet":14,"minecraft:polished_basalt":189,"minecraft:white_concrete_powder":6053,"minecraft:decorated_pot":3,"minecraft:chest":2,"minecraft:white_terracotta":114,"minecraft:stone":243,"minecraft:stripped_jungle_wood":7,"minecraft:quartz_stairs":134,"minecraft:polished_blackstone_wall":2,"minecraft:smooth_sandstone_stairs":28,"minecraft:structure_block":131,"minecraft:green_terracotta":39,"minecraft:oak_door":23,"minecraft:spruce_leaves":1198,"minecraft:dirt":2486,"minecraft:white_carpet":326,"minecraft:cobblestone_wall":131,"minecraft:jungle_slab":7,"minecraft:deepslate_tile_slab":15,"minecraft:pink_terracotta":2,"minecraft:yellow_carpet":6,"minecraft:pink_carpet":6,"minecraft:jungle_trapdoor":8,"minecraft:spruce_fence":155,"minecraft:cyan_wool":6,"minecraft:nether_brick_stairs":2,"minecraft:polished_deepslate_stairs":60,"minecraft:andesite_wall":7,"minecraft:birch_door":2,"minecraft:glass":260,"minecraft:dark_oak_planks":9,"minecraft:stone_brick_slab":43,"minecraft:packed_ice":9,"minecraft:sea_lantern":602,"minecraft:cyan_terracotta":342,"minecraft:bookshelf":7,"minecraft:cyan_shulker_box":95,"minecraft:quartz_slab":131,"minecraft:black_stained_glass_pane":94,"minecraft:lantern":30,"minecraft:grass_block":824,"minecraft:oak_stairs":9,"minecraft:cherry_slab":159,"minecraft:slime_block":99,"minecraft:green_wool":21,"minecraft:polished_deepslate_wall":271,"minecraft:polished_andesite_stairs":21,"minecraft:quartz_block":1105,"minecraft:polished_blackstone_brick_wall":2,"minecraft:cherry_trapdoor":13,"minecraft:dark_oak_leaves":78,"minecraft:dark_oak_slab":5,"minecraft:gray_concrete_powder":1691,"minecraft:smooth_quartz":58,"minecraft:stone_brick_stairs":83,"minecraft:stone_bricks":53,"minecraft:item_frame":135,"minecraft:light_gray_wool":1395,"minecraft:bedrock":105,"minecraft:birch_trapdoor":10,"minecraft:repeater":48,"minecraft:glowstone":460,"minecraft:red_carpet":60,"minecraft:black_stained_glass":86,"minecraft:tall_grass":17,"minecraft:iron_trapdoor":9,"minecraft:dark_oak_pressure_plate":2,"minecraft:white_stained_glass_pane":47,"minecraft:deepslate_tile_stairs":20,"minecraft:mangrove_slab":10,"minecraft:podzol":6,"minecraft:stone_pressure_plate":2,"minecraft:granite_wall":1,"minecraft:deepslate_brick_wall":5,"minecraft:quartz_bricks":351,"minecraft:short_grass":50,"minecraft:dark_oak_stairs":1,"minecraft:bamboo_trapdoor":2,"minecraft:yellow_banner":1,"minecraft:water_bucket":310,"minecraft:diorite":13,"minecraft:end_rod":133,"minecraft:nether_brick_wall":1,"minecraft:end_stone_bricks":4,"minecraft:cobblestone_stairs":3,"minecraft:birch_leaves":19,"minecraft:birch_planks":24,"minecraft:gray_carpet":20,"minecraft:dark_oak_sign":2,"minecraft:acacia_trapdoor":2,"minecraft:polished_andesite":28,"minecraft:oak_planks":8,"minecraft:jungle_fence":99,"minecraft:cartography_table":9,"minecraft:blue_wool":2,"minecraft:sandstone":139,"minecraft:blue_concrete_powder":26,"minecraft:redstone_block":32,"minecraft:cauldron":9,"minecraft:beacon":43,"minecraft:clay":1850,"minecraft:sugar_cane":22,"minecraft:oak_leaves":3437,"minecraft:smooth_quartz_stairs":7,"minecraft:white_wool":251,"minecraft:stripped_mangrove_wood":1,"minecraft:polished_blackstone_pressure_plate":5,"minecraft:polished_deepslate_slab":420,"minecraft:sand":7,"minecraft:diamond_block":5,"minecraft:light_gray_banner":3,"minecraft:mangrove_trapdoor":15,"minecraft:yellow_terracotta":2,"minecraft:oak_slab":41,"minecraft:crimson_trapdoor":151,"minecraft:black_banner":1,"minecraft:acacia_leaves":58,"minecraft:light_gray_concrete_powder":405,"minecraft:blackstone_wall":5,"minecraft:ochre_froglight":37,"minecraft:gray_concrete":255,"minecraft:mangrove_sign":14,"minecraft:spruce_log":14,"minecraft:lightning_rod":4,"minecraft:birch_fence":20,"minecraft:deepslate_tile_wall":3,"minecraft:deepslate_tiles":19,"minecraft:redstone_torch":23,"minecraft:oak_log":253,"minecraft:black_terracotta":83,"minecraft:piston":4,"minecraft:green_concrete":16,"minecraft:black_wool":44,"minecraft:mangrove_door":3,"minecraft:birch_slab":41,"minecraft:command_block":60,"minecraft:light_gray_concrete":346,"minecraft:cyan_carpet":12,"minecraft:stone_button":74,"minecraft:barrier":123,"minecraft:oak_button":23,"minecraft:warped_slab":12,"minecraft:verdant_froglight":2,"minecraft:map":82,"minecraft:white_glazed_terracotta":43,"minecraft:jungle_stairs":15,"minecraft:cyan_concrete":4,"minecraft:spruce_trapdoor":75,"minecraft:bamboo_slab":6,"minecraft:iron_door":3,"minecraft:polished_andesite_slab":84,"minecraft:soul_lantern":5,"minecraft:cherry_stairs":95,"minecraft:mud_brick_wall":53,"minecraft:white_banner":1,"minecraft:dark_oak_fence":52,"minecraft:white_stained_glass":28,"minecraft:jungle_door":63,"minecraft:red_banner":2,"minecraft:magenta_glazed_terracotta":21,"minecraft:chain":12,"minecraft:glass_pane":132,"minecraft:repeating_command_block":4,"minecraft:smooth_stone_slab":6771,"minecraft:white_concrete":1367,"minecraft:smooth_stone":1675},"minecraft:picked_up":{"minecraft:black_carpet":1,"minecraft:structure_block":1,"minecraft:oak_stairs":1,"minecraft:smooth_stone_slab":1,"minecraft:item_frame":36,"minecraft:white_carpet":17,"minecraft:oak_sign":4,"minecraft:redstone_torch":1,"minecraft:sugar_cane":4,"minecraft:oak_door":5,"minecraft:jungle_door":25,"minecraft:redstone":11,"minecraft:filled_map":16,"minecraft:paper":1,"minecraft:gray_concrete_powder":3,"minecraft:oak_pressure_plate":1,"minecraft:grass_block":1,"minecraft:diamond_block":1,"minecraft:slime_block":1,"minecraft:oak_button":4,"minecraft:light_gray_carpet":4,"minecraft:oak_leaves":1}},"DataVersion":3700}